,screen_name,num_tweets.Freq
2616,mt_ur_mind,635
2615,JChrisPires,417
2614,tek_keller,340
2613,pwilliamhughes,202
2611,rafmarcondes,175
2612,Tioliah,175
2610,MikeWiser2,170
2609,franceshauser,156
2607,cenewman0,153
2608,NYCuratrix,153
2606,DavidBLowry,152
2605,Napaaqtuk,142
2604,hrlerner,140
2603,omearabrian,138
2602,tweetingmouse,120
2601,GYZhang2,114
2600,razibkhan,108
2598,RixeyMegan,103
2599,wile_phylote,103
2597,KTInvasion,97
2596,johnlogsdon,93
2595,Graham_Coop,92
2594,E_Carlen,87
2593,DoctorZen,84
2592,juncostink,80
2591,sallylepage,76
2590,taxonbytes,75
2589,NatureEcoEvo,73
2588,plantbotsci,72
2587,ASNAmNat,71
2585,Aide_Macias,68
2586,LyndonCoghill,68
2584,ebsessa,66
2583,eswillwalker,62
2582,Choosy_Female,61
2580,JBYoder,60
2581,je_light,60
2579,RD_Denton,56
2578,MikeTassia,55
2575,allopatry,52
2576,emjosephs,52
2577,klcolyott,52
2573,acrlackey,51
2574,joelmcglothlin,51
2572,DanielBolnick,50
2571,quooddy,49
2569,JoeyKHubbard,48
2570,thegoodphyte,48
2568,nhcooper123,47
2567,marypsiboas,46
2563,arburga,44
2564,mattwilkinsbio,44
2565,mwestneat,44
2566,nathofme,44
2561,devindrown,43
2562,Pabster212,43
2556,alisondawnscott,42
2557,DMacGuig,42
2558,Dr_Crushworth,42
2559,HVazquezMiranda,42
2560,lteytelman,42
2555,j0sephwb,41
2552,noelle_and,39
2553,quercus70,39
2554,systbiol,39
2548,EntCollNtwrk,38
2549,frogsicles,38
2550,jembrown,38
2551,WAtlFish,38
2547,arunsethuraman,37
2544,JennyMcGPhD,35
2545,Niharb,35
2546,SabrinaMcnew,35
2543,urbanevol,34
2541,mgwhitfield,33
2542,trayc7,33
2535,AniekIvens,32
2536,brandonscooper,32
2537,dwbapst,32
2538,iochromaland,32
2539,mafnoor,32
2540,Sara_and_Snakes,32
2534,surt_lab,31
2530,Erin_E_Fry,30
2531,Kmwinchell,30
2532,LuisZaman,30
2533,plantevomorph,30
2527,ee__gutierrez,29
2528,lukejharmon,29
2529,SSEgrad,29
2521,aroavaron,28
2522,devonhum,28
2523,kj_gilbert,28
2524,kmmika12,28
2525,louisesmead,28
2526,SciencyTalk,28
2514,cannagenomics,27
2515,Cureton2J,27
2516,David_Hillis,27
2517,JonathanPDrury,27
2518,Lizardeve,27
2519,macmanes,27
2520,PhDcommenter,27
2513,ana_bosslady,26
2506,FlwrEcoEvo,25
2507,k8hert,25
2508,lizatucsf,25
2509,megan_kobiela,25
2510,orlando_schwery,25
2511,Oscarmvargash,25
2512,yanivbrandvain,25
2498,AnoleAnnals,24
2499,CorrieMoreau,24
2500,henrygeenature,24
2501,jakeberv,24
2502,Lagomarsino_L,24
2503,LeannMBiancani,24
2504,MsRachaelP,24
2505,RobertLaport,24
2489,BotanyRules,23
2490,carina_plant,23
2491,dunkryan,23
2492,hsauquet_upsud,23
2493,NickJMatzke,23
2494,popgenchen,23
2495,shoutout2dani,23
2496,thelonglab,23
2497,vietbio,23
2483,8legs2fangs,22
2484,Fink_about_it,22
2485,LVandepasii,22
2486,NewPhyt,22
2487,opsinlab,22
2488,wadedismukes,22
2479,BatLabUCD,21
2480,DiogoProvete,21
2481,ethanblinck,21
2482,KatherineELiu,21
2476,EcographyJourna,20
2477,marcotrizzino,20
2478,svscarpino,20
2467,AGonzalezVoyer,19
2468,boryanakis,19
2469,Cloisthatyou,19
2470,fishspeciation,19
2471,JLosos,19
2472,Kollar_Genetics,19
2473,ldafernando,19
2474,MU_Peter,19
2475,PlantLearner,19
2462,c_n_anderson,18
2463,KZ_Cornell,18
2464,natsvetkova6880,18
2465,snacktavish,18
2466,uribe_convers,18
2451,ambikamath,17
2452,DesmondRamirez1,17
2453,LAevolving,17
2454,molecologist,17
2455,nkfletch00,17
2456,NSF_BIO,17
2457,PREAUX_FISH,17
2458,rvosa,17
2459,SpeciationLab,17
2460,sse_evolution,17
2461,Sternarchella,17
2437,cdanielcadena,16
2438,danlwarren,16
2439,ds_caetano,16
2440,EdwardsDanL,16
2441,Iteration23,16
2442,jeremyvancleve,16
2443,jlwalker97,16
2444,kheyduk,16
2445,MelissaDeBiasse,16
2446,mwilsonsayres,16
2447,noordwhite,16
2448,ombirds,16
2449,SeSimmonds,16
2450,VAstudilloClav,16
2428,CourtneyMurren,15
2429,EcoEvoEvoEco,15
2430,jurnalbiologi,15
2431,KaptainRose,15
2432,mrmckain,15
2433,Myrmecos,15
2434,precentorshakov,15
2435,RTBrumfield,15
2436,thednainus,15
2408,bsuther7,14
2409,chenghlee,14
2410,CoreyWelch_STEM,14
2411,DiversifyEEB,14
2412,EvoPhD,14
2413,granex,14
2414,iowensis,14
2415,LorenCSackett,14
2416,maniermk,14
2417,MEOrive,14
2418,MoSephius,14
2419,noituloveand,14
2420,rattus_mattus,14
2421,rcvaught,14
2422,StephenRBond,14
2423,taylorlawley,14
2424,tomhouslay,14
2425,turtlemcgaugh,14
2426,vanlrivera,14
2427,Vitex_lucens,14
2387,abbyolena,13
2388,alexander_suh,13
2389,AnimalEcology,13
2390,bdkolaczkowski,13
2391,BEACON_Center,13
2392,Ben_Sheldon_EGI,13
2393,chamberea,13
2394,colevol,13
2395,dangates_j,13
2396,danielrmatute,13
2397,diogro,13
2398,EcoEvoBevo,13
2399,Fierst_Lab,13
2400,gadolby,13
2401,JoannaRifkin,13
2402,jsalt92,13
2403,loloyohe,13
2404,LuisDVerde,13
2405,mathyhartfield,13
2406,naubinhorth,13
2407,pabloburraco,13
2368,3rdreviewer,12
2369,amanda_k_gibson,12
2370,chang_jon,12
2371,dr_tialynn,12
2372,ehekkala,12
2373,EliotITMiller,12
2374,Glee4Balistidae,12
2375,hylopsar,12
2376,jebriner,12
2377,Jon_Slate,12
2378,kcranstn,12
2379,liliakgalvez,12
2380,LPozzi81,12
2381,melisabetta,12
2382,RenaMSchweizer,12
2383,TGuillerme,12
2384,Tom_Brekke,12
2385,VinJLynch,12
2386,vsbuffalo,12
2351,akcayerol,11
2352,Catalicu,11
2353,DrillAnnie,11
2354,ericallarson,11
2355,Evodaveo,11
2356,Evol2016,11
2357,HeidiKayDeidi,11
2358,LukasMusher,11
2359,MoisesExpositoA,11
2360,PatrickGoymer,11
2361,PhilJ_Rose,11
2362,plachetzki,11
2363,polarfire,11
2364,rallerskates,11
2365,RELenski,11
2366,ScottVilla,11
2367,ShanaCaro,11
2328,AditiPai1,10
2329,AdrianaBriscoe,10
2330,alexvgeorgiev,10
2331,angelajmcd,10
2332,AnimEcol_UU,10
2333,BenLiebeskind,10
2334,biodids,10
2335,blairperry614,10
2336,BrandonCorder,10
2337,drschield,10
2338,duffy_ma,10
2339,Evo_Explorer,10
2340,guerruhroh,10
2341,hlapp,10
2342,JMWiemerslage,10
2343,kate_rockenbach,10
2344,mathvsoldage,10
2345,MC__Hemmer,10
2346,megrua,10
2347,msparks1309,10
2348,PHHawley,10
2349,samridhichat,10
2350,SerrMegan,10
2300,AkiJarl,9
2301,Alana_Schick,9
2302,alycia_stigall,9
2303,ClaytonBushLab,9
2304,Craig_R_White,9
2305,DrK_Lo,9
2306,emzelliz,9
2307,f_ghiselli,9
2308,HenriquesRo,9
2309,hyphaltip,9
2310,JonPuritz,9
2311,kirstyjean,9
2312,landismj,9
2313,MattL_Holding,9
2314,McAdam_lab,9
2315,mossMatters,9
2316,MossPlants,9
2317,mrvaidya,9
2318,Pselaphinae,9
2319,RGGSatAMNH,9
2320,sarperotto,9
2321,SaveEarthworms,9
2322,schilthuizen,9
2323,sherman1959CG,9
2324,s_m_aguillon,9
2325,sofiaraye,9
2326,StephenBHeard,9
2327,UCSB_OakleyLab,9
2268,AaronListon,8
2269,AbrahamsRS,8
2270,americantejano,8
2271,artscigallery,8
2272,clairemcwhite,8
2273,ClausWilke,8
2274,codythompson51,8
2275,Davey_F_Wright,8
2276,dortizba,8
2277,FascinatingPupa,8
2278,HowardRundle4,8
2279,IanDworkin,8
2280,iEvoBio,8
2281,joryweintraub,8
2282,km_everson,8
2283,Kyle_Mac1,8
2284,LaskyJR,8
2285,_lindsayp,8
2286,lstevison,8
2287,MarksHilly,8
2288,mneiman,8
2289,MSBbirds,8
2290,mtholder,8
2291,ninawaleEEB,8
2292,Nora_C_Mitchell,8
2293,ProteinUniverse,8
2294,raynamharris,8
2295,rcthomson,8
2296,_realmclean,8
2297,reavelyn1,8
2298,rkschott,8
2299,rmp033,8
2226,ajzellmer,7
2227,amiyaal,7
2228,amphibs,7
2229,chicaScientific,7
2230,CrownedKingsley,7
2231,DrewT1023,7
2232,drmsrosenberg,7
2233,encinsworld,7
2234,erikaedw,7
2235,EvolutionSU,7
2236,gordonkathleene,7
2237,guarnitron,7
2238,HannahOish,7
2239,HarmitMalik,7
2240,InkandSword,7
2241,I_Prates,7
2242,jaimedash,7
2243,JBoyle_Paleo,7
2244,JMenaali,7
2245,jwiggi21,7
2246,ladysc1ent1st,7
2247,LizDrogeYoung,7
2248,LouBernatchez,7
2249,lxsllvn,7
2250,madhayhansen,7
2251,MemphisCP,7
2252,MicroWavesSci,7
2253,MorphoFun,7
2254,NationalistHero,7
2255,Nautichthys,7
2256,NickSlyBirdGuy,7
2257,Nicky179854,7
2258,noxthelion,7
2259,PatriciaStroher,7
2260,PLOSBiology,7
2261,pseudacris,7
2262,SeemaSheth,7
2263,spwells,7
2264,TLawrence584,7
2265,tylervkent,7
2266,vince_formica,7
2267,WrightingApril,7
2179,alencarlrv,6
2180,AmandaLea14,6
2181,Analyssi,6
2182,ASDarwinist,6
2183,bewickaj,6
2184,briancounterman,6
2185,btilstonsmith,6
2186,carrie_f_olson,6
2187,ColeJulick,6
2188,CorneileMinnaar,6
2189,danjbecker,6
2190,DanRosauer,6
2191,Dr_Heineman,6
2192,Dyerlab,6
2193,Emily_L_Behrman,6
2194,enicurus,6
2195,EricaNilson2,6
2196,Fishy_Hayes,6
2197,FuturePhy,6
2198,hbdchick,6
2199,HerpResearch,6
2200,InesLauraDawson,6
2201,itntunes,6
2202,Jenn_Coughlan,6
2203,jtotheizzoe,6
2204,kerbtierDE,6
2205,KimChiVarunee,6
2206,kpeeps111,6
2207,mcdaniellab,6
2208,MizzouBiology,6
2209,MP_Lyons,6
2210,mscott0106,6
2211,mwpennell,6
2212,nabroderick,6
2213,narhol,6
2214,NeedhiBhalla,6
2215,numbatmedia,6
2216,onebiofile,6
2217,Oppashyy,6
2218,richmeisel,6
2219,RSocPublishing,6
2220,seeryanc,6
2221,tony_gamble1,6
2222,USU_Ecology,6
2223,UT_CCBB,6
2224,Vancouver_CP,6
2225,workshopemei,6
2125,Aashiq_UT,5
2126,AdamTheQuirky,5
2127,AgroBioDiverse,5
2128,alisondevault,5
2129,AllenJMoore,5
2130,americanbeetles,5
2131,antropoteuthis,5
2132,ArborWorkflows,5
2133,ASIHCopeia,5
2134,astorialis,5
2135,BethKneller,5
2136,BiancaSaladin,5
2137,BioInteractLab,5
2138,brickenj,5
2139,Brookesloci,5
2140,cabinetkeeper,5
2141,CaribbeanBoas,5
2142,caseywdunn,5
2143,CWBrainstream,5
2144,davina_hill,5
2145,DK_Dowling,5
2146,DrAngelaT,5
2147,DuckyFisher,5
2148,EuroJEcology,5
2149,EvolOdonata,5
2150,GoldbogenLab,5
2151,gypsumbotany,5
2152,IsabellaGhement,5
2153,jessieabbate,5
2154,jleebensmack,5
2155,JoanStrassmann,5
2156,KaraEPowder,5
2157,KellySpeer,5
2158,kingsleyevan,5
2159,marmmunoz,5
2160,Mo_Donnelly,5
2161,Monahan_PJ,5
2162,ncellinese,5
2163,nicrodemo,5
2164,OanyBee,5
2165,opentreeoflife,5
2166,PhyloJCAM,5
2167,phylotastic,5
2168,Protohedgehog,5
2169,saganorg,5
2170,SapCaps,5
2171,seb_schreiber,5
2172,TanyaLMS,5
2173,TanzRenner,5
2174,thelabandfield,5
2175,tjsharpton,5
2176,ultraconserved,5
2177,VT_Biology,5
2178,WendyJons,5
2051,74208555245,4
2052,Aidan_Manubay,4
2053,alaurenoconnell,4
2054,anacatarinaas,4
2055,AnaGCatalan,4
2056,apalaciosdcata,4
2057,april_bisner,4
2058,ARWarwick,4
2059,BeckBio,4
2060,BecYBrim,4
2061,BenjiKessler,4
2062,brantfaircloth,4
2063,cat_lauscats,4
2064,C_LCote,4
2065,comicsincolor,4
2066,cowlactica,4
2067,CrawfordAJ,4
2068,danielledecarle,4
2069,DeannaSoper,4
2070,DeNovoRego,4
2071,Dr_KatieG1,4
2072,DrNeurosaurus,4
2073,DrSLancelot,4
2074,EEPuckett,4
2075,ELDittmar,4
2076,FindlayLab,4
2077,Floribri,4
2078,fmartin1954,4
2079,gavruskin,4
2080,Geneious,4
2081,GMcLean0011,4
2082,henrylewisnorth,4
2083,HLopezFernandez,4
2084,HofmannLab,4
2085,IgnacioQM,4
2086,JLandisBotany,4
2087,JoaquinNunezBio,4
2088,Julie_B92,4
2089,kaitlin_maguire,4
2090,KAMarske,4
2091,KatieEmelianova,4
2092,Kollar_Than_You,4
2093,kurtisbaute,4
2094,kwren88,4
2095,lilei0051,4
2096,lottie_stacy,4
2097,Margare41291282,4
2098,MarkSistrom,4
2099,MaslyLab,4
2100,mcsymbiont,4
2101,MrJDoty,4
2102,Nick_Mas0n,4
2103,NikolaiAdamski,4
2104,okiewhaler,4
2105,parasitoidsrule,4
2106,perlucidum,4
2107,pete_cowman,4
2108,peterbeerli,4
2109,plantpollinator,4
2110,PlantTeaching,4
2111,Priceeqn,4
2112,quattrinia,4
2113,ReesKassen,4
2114,RhiannonMeaden,4
2115,Sabah_UlHasan,4
2116,sarahsuss,4
2117,seanmhoban,4
2118,SuzanneAFord,4
2119,thackerbob,4
2120,TracyLangkilde,4
2121,TravisHagey,4
2122,TweetedScience,4
2123,wright_OK,4
2124,WythamTits,4
1886,Abby_Retweet,3
1887,achazhardenberg,3
1888,ades_can,3
1889,ag_shen,3
1890,AJGorton,3
1891,alanmrice,3
1892,AlexisMychajliw,3
1893,AlonzoJenifer,3
1894,am_anatiala,3
1895,AMaxEll17,3
1896,Amelia_Lindsey,3
1897,a_nigroflava,3
1898,arundurvasula,3
1899,arverrelli,3
1900,aspcorthals,3
1901,augustguang,3
1902,AWRgenes,3
1903,ayirpelle,3
1904,BassBugsJokes,3
1905,BenardMF,3
1906,BethJPalik,3
1907,betulland,3
1908,Binky_PB,3
1909,Bioblogo,3
1910,bjmjarrett,3
1911,bloomchovies,3
1912,BraeDanio,3
1913,BrianDilkes,3
1914,BrianZh44167285,3
1915,butterflyology,3
1916,CarinaDSLR,3
1917,carlzimmer,3
1918,CarmeloFruciano,3
1919,Carolin30014607,3
1920,cbjones1943,3
1921,C_Blei,3
1922,CharlaynaC,3
1923,clem_rougeux,3
1924,CommonTerns,3
1925,CuckerPunch,3
1926,DamienFarine,3
1927,DarwinsAquarium,3
1928,davidhaak,3
1929,Demiarba,3
1930,DianaF1080,3
1931,Die_Primel,3
1932,dr_alex27,3
1933,dr_moth,3
1934,ekdelaney,3
1935,entophile,3
1936,ErikSotka,3
1937,EugeniaZarza,3
1938,evakfischer,3
1939,EvCurran,3
1940,EVINDO_ID,3
1941,fcamus,3
1942,fossilfriendly,3
1943,fsantini2015,3
1944,gabravom1,3
1945,G_Colosimo,3
1946,GenomesBiomes,3
1947,genvlp,3
1948,Gijsbertwerner,3
1949,GOrizaola,3
1950,GraemeTLloyd,3
1951,grayson_phillip,3
1952,Greg_Owens,3
1953,grmunjal,3
1954,HassanSalem,3
1955,HiWildlife,3
1956,HMorlon,3
1957,hossiet,3
1958,IngridMinnaar,3
1959,IntUGrativeBiol,3
1960,ipnosimmia,3
1961,iprophage,3
1962,ishengtsai,3
1963,jannickbendtsen,3
1964,_jbenning,3
1965,jeanseb_moore,3
1966,jenna_hamlin,3
1967,Jente_O,3
1968,jim_bouldin,3
1969,JohannaMappes,3
1970,johnhawks,3
1971,jorgeapenas,3
1972,joshuaevanbrown,3
1973,jpcostume,3
1974,jplotkin,3
1975,JRichardson_44,3
1976,KarenBobier,3
1977,kate_evolved,3
1978,kb_kinsey,3
1979,ke_cain,3
1980,keith_ray,3
1981,KristenDimond,3
1982,Kristin_Hook,3
1983,krstnmlee,3
1984,landrychristian,3
1985,laura_boykin,3
1986,Lepidodendron,3
1987,LizBarnes222,3
1988,LizMarchio,3
1989,lkfreidenburg,3
1990,loganwcole,3
1991,Lord_of_Flyz,3
1992,MackKatya,3
1993,MarcosEgeaCorti,3
1994,mariaCCh85,3
1995,mariodosreis,3
1996,mariopedia,3
1997,marxhannah,3
1998,MIDO1922,3
1999,MirianTsuchiya,3
2000,mkasumovic,3
2001,NickDulvy,3
2002,NicoleGerardo,3
2003,No_IAintYaPoPs,3
2004,NPilakouta,3
2005,NR_Venkatesh,3
2006,NSB_MBL,3
2007,oldhouse5,3
2008,PatSchloss,3
2009,paulinhaaprigio,3
2010,pbeldade,3
2011,PCIntroBioLabs,3
2012,perryleewoodjr,3
2013,photopidge,3
2014,pmidford,3
2015,portablegenomic,3
2016,PriscilaHanisch,3
2017,proulxstephen2,3
2018,rebchong,3
2019,r_evolutionist,3
2020,richiehodel,3
2021,RIHerbert,3
2022,Roi_Maor,3
2023,salazarbiol,3
2024,sarikajalan9,3
2025,sc_evans,3
2026,schnitzler_j,3
2027,ScienceNews,3
2028,scienceTc,3
2029,ScottESolomon,3
2030,shannonbeston,3
2031,sheardcat,3
2032,SnakeEvolution,3
2033,spleonard1,3
2034,StatedClearly,3
2035,stepheniwright,3
2036,SusanFBailey,3
2037,TamaraFetters,3
2038,tehabe,3
2039,TimWebster17,3
2040,tomhardyofML,3
2041,tpoi,3
2042,VaillancourtLab,3
2043,vandecwb,3
2044,vintage_denim,3
2045,WidowDNA,3
2046,Willett4Chris,3
2047,windowmoon,3
2048,WinstonYee1,3
2049,zapata_f,3
2050,zapkapow,3
1593,ABonisoli,2
1594,aboyoysa4real,2
1595,aeberardi,2
1596,aeharkess,2
1597,agonzalezLAB,2
1598,Aid_Rostov,2
1599,AkpodeRaymond,2
1600,Alexander_Lees,2
1601,AlexBetts,2
1602,AlongsideWild,2
1603,ammonitesmd,2
1604,amtracy8,2
1605,andrepazv,2
1606,AndrewVSuarez,2
1607,AndyKraemer,2
1608,AniMove,2
1609,AnnaTraveset,2
1610,AnneKnowlton1,2
1611,AnneOsbourn1,2
1612,Ann_T_Tate,2
1613,Aparna_nfg,2
1614,ArcticEcology,2
1615,artcollisions,2
1616,ashenAuspex,2
1617,ASPvoice,2
1618,balfouriana,2
1619,barbara_tafinha,2
1620,barrygoldman1,2
1621,bdelloid,2
1622,bdrkayaker,2
1623,berdiesanders,2
1624,Bertonemyia,2
1625,BethanyWasik,2
1626,bierbryo,2
1627,BigDataTweetBot,2
1628,Billare,2
1629,BiofilmJena,2
1630,bjenquist,2
1631,bnashby,2
1632,bramasolo,2
1633,bug_gwen,2
1634,Campbell_JD_,2
1635,CancerConnector,2
1636,casey6r0wn,2
1637,CedricFeschotte,2
1638,CEGrueber,2
1639,Channelomics,2
1640,Charlietrypsin,2
1641,chaseagencyedge,2
1642,cheers_chun,2
1643,CherylRofer,2
1644,chevironlab,2
1645,christiehenry,2
1646,claudistics,2
1647,ClementYChow,2
1648,collinmmccabe,2
1649,ColumboAhmed,2
1650,conradopreto,2
1651,CrawliesWithCri,2
1652,CSUBrianGill,2
1653,CurrentBiology,2
1654,cyanoalgae,2
1655,DanChitwood,2
1656,danewssource,2
1657,Darwin2009,2
1658,DeusRugemalila,2
1659,DFofFreedom,2
1660,DGKontopoulos,2
1661,DianaSix1,2
1662,drcynthiacchang,2
1663,DrReptilia,2
1664,DrRubidium,2
1665,drseastar,2
1666,dustinmray,2
1667,dylan_childs,2
1668,eaellis_,2
1669,EarlyEvol,2
1670,ejrollinson,2
1671,ElDon78,2
1672,ElinVidevall,2
1673,eliz_bonner,2
1674,EllieHeyworth,2
1675,elsbiomedchem,2
1676,ELS_CellBiology,2
1677,ElsevierBiotech,2
1678,ematsen,2
1679,emily_kottler,2
1680,erika_porporato,2
1681,EvansSre,2
1682,EveryoneIn,2
1683,evilsmaug,2
1684,EvoDevoPanAm,2
1685,evodify,2
1686,EvoEcoAmy,2
1687,evolscientist,2
1688,EvolutionPirate,2
1689,evolvwing,2
1690,fedekorol100,2
1691,FemUnionUIowa,2
1692,fgonzalef,2
1693,fhenaodiaz,2
1694,fieldworkat72,2
1695,figshare,2
1696,FionaIngleby,2
1697,fkbarker,2
1698,for_Content,2
1699,FoxandtheFlu,2
1700,frogriguezz,2
1701,frozenzoo,2
1702,ftmaestre,2
1703,GallioLab,2
1704,gbaucom,2
1705,gbradburd,2
1706,GIS_Sharer,2
1707,gttnetworkm1,2
1708,GUBIOL105L,2
1709,gvwilson,2
1710,Haggewoods,2
1711,haltaq,2
1712,harpersnotes,2
1713,hda1997622,2
1714,henry_d_kunerth,2
1715,HromadaMartin,2
1716,IanKutch,2
1717,IdeaSpermatheca,2
1718,IndianaDiez,2
1719,itsbirdemic,2
1720,JacobPhD,2
1721,jeetsukumaran,2
1722,JeetuDOTNET,2
1723,JeffreyMarkert,2
1724,Jessica_Oswald,2
1725,JJ_Emerson,2
1726,JohnRHutchinson,2
1727,jopabinia,2
1728,JoshAFirth,2
1729,JoshRosenau,2
1730,jrossibarra,2
1731,juliadupin,2
1732,jung_gt,2
1733,jwbelmon,2
1734,jwisecaver,2
1735,kamil_konowalik,2
1736,KatherineMejia,2
1737,KayceCBell,2
1738,keeps3,2
1739,keholsinger,2
1740,KellerCaponePhD,2
1741,kierstincatlett,2
1742,kirkmurphy,2
1743,KnowYourCritter,2
1744,labroides,2
1745,laeserman,2
1746,LancasterSci,2
1747,LaurierBiology,2
1748,leclercfl,2
1749,lemospaulinha,2
1750,lexi_c00per,2
1751,lgatt0,2
1752,ljrissler,2
1753,LordFruitFly,2
1754,LourdesChamorro,2
1755,Mandford,2
1756,MaribethLatvis,2
1757,markjmandel,2
1758,MarkScherz,2
1759,matthewcobb,2
1760,maxjfeldman,2
1761,McGlothlinLab,2
1762,MeganRRuffley,2
1763,melletang,2
1764,MessiRoad,2
1765,METUMaine,2
1766,mglerner,2
1767,mgroussi,2
1768,michaelgharvey,2
1769,MichelleSneck,2
1770,mikecobballen,2
1771,_mikoontz,2
1772,millerdl,2
1773,mnbrien,2
1774,morgan_vis,2
1775,mrillig,2
1776,m_r_wagner,2
1777,mskvarla36,2
1778,mstrangas,2
1779,Mushi_Kurotowa,2
1780,m_wegmann,2
1781,mylittlepython,2
1782,n8_upham,2
1783,NazeefaFatima,2
1784,nfusco22,2
1785,nj_clark,2
1786,nmideo,2
1787,nycticebus,2
1788,obahcall,2
1789,ObedHG,2
1790,odiellus,2
1791,Old_dusty_,2
1792,oliviefr,2
1793,OmeraMatoo,2
1794,ots_oet,2
1795,OUPAcademic,2
1796,PassosDC,2
1797,paul_seear,2
1798,phybiogenetics,2
1799,Pinchylicious,2
1800,pjhundt,2
1801,PlantEvolution,2
1802,PlethodoNick,2
1803,_pmmv_,2
1804,PooPooAustin,2
1805,priteshdesai,2
1806,ProfColinBean,2
1807,putonti,2
1808,R2C2_Lab,2
1809,rafazenni,2
1810,RallidaeRule,2
1811,rbb3e,2
1812,realfoodorg,2
1813,rebecca__dalton,2
1814,ReedLabHawaii,2
1815,RegReader,2
1816,Rengganis33,2
1817,ricardokriebel,2
1818,RJABuggs,2
1819,rjjn15,2
1820,RobCabrera,2
1821,RobisonGrant,2
1822,RobRDunn,2
1823,RoliRoberts,2
1824,rossbiology,2
1825,rrellanalvarez,2
1826,SagenSiemirCata,2
1827,salamander_gal,2
1828,samflaxman,2
1829,sandeep156,2
1830,SaraCGarnett,2
1831,SarahKnutie,2
1832,SarinaKilham,2
1833,sau916,2
1834,SavrajGrewal,2
1835,sbarolo,2
1836,Schmitz_Lab,2
1837,SciArtMagazine,2
1838,Scott_Powell_,2
1839,sdwfrost,2
1840,SeanBuskirk,2
1841,shantanu_v,2
1842,shaopeng_wang,2
1843,SilasTittes,2
1844,sjackman,2
1845,sjportugal1979,2
1846,skofri,2
1847,SocPhilSciPract,2
1848,sofia_ronderos,2
1849,SolomonRDavid,2
1850,Sorena997,2
1851,StephSpiel,2
1852,strobicosa,2
1853,swallingford82,2
1854,TanisBP,2
1855,tanjaslotte,2
1856,tanushjagdish,2
1857,ted__morgan,2
1858,teuder,2
1859,theBlueBeehive,2
1860,TimotheeBonnet,2
1861,TJNear,2
1862,tjvision,2
1863,TLJKelly,2
1864,TLNSacramento,2
1865,TomHoltzPaleo,2
1866,torrance_hanley,2
1867,tossitupman,2
1868,TrainsGG,2
1869,uaamicro,2
1870,UABBiology,2
1871,uafairbanks,2
1872,UAFsfos,2
1873,UCDflowerpower,2
1874,Vert_Anatomist,2
1875,vir_innominatum,2
1876,vscooper,2
1877,VT_Science,2
1878,weber_mg,2
1879,wfsctamu,2
1880,wmtobin16,2
1881,XEBernal,2
1882,yash_raina,2
1883,ymilesz,2
1884,zaladdaze,2
1885,zx_chn,2
1,101Alun,1
2,10chaselane,1
3,2488Ed,1
4,2GGaming,1
5,2stSportsUK,1
6,3D_Genuity,1
7,51fffc73f75f44b,1
8,92Ramadan,1
9,9Isala7twwww,1
10,AAAGenetics,1
11,AAComeault,1
12,AAPremlall,1
13,aarolsen,1
14,abarnes118,1
15,AbdouKhila,1
16,Acacia_RJ,1
17,AcademicKarma,1
18,acantho,1
19,acgerstein,1
20,achiatt,1
21,adjirahma,1
22,AdrianaBankston,1
23,AdrianAndresC,1
24,aecahill,1
25,aedelsparre,1
26,aemarcy,1
27,AEMcP,1
28,aeroevo,1
29,AFCmurdoch,1
30,AgEvoGenomes,1
31,ahmaaad552,1
32,AhmedMo74361080,1
33,Aid_Liberty,1
34,aidrini,1
35,aigverte,1
36,aiwayaomda,1
37,aj_brunke,1
38,ajhelmstetter,1
39,aJohnHouser,1
40,A_J_Turner,1
41,A_Kabaker,1
42,AKSalmonProg,1
43,alaafawzi79,1
44,alandove,1
45,alaskamuseum,1
46,albodrug,1
47,AleGiiordano,1
48,AlejandroBucha3,1
49,AlejandroFrank,1
50,alexandra_tyers,1
51,alex_bennetttt,1
52,alexevans91,1
53,alexguitarrr,1
54,algoriphagus,1
55,Ali_A_Donmez,1
56,Alien_Evolve,1
57,aliothsan,1
58,alisha_quandt,1
59,alisonatkin,1
60,all12steps,1
61,allentris,1
62,al_lopeztorres,1
63,allyroewashere,1
64,al_owaisi,1
65,ALTourinho,1
66,alyssaharad,1
67,amalia_botany,1
68,AmandaConsSci,1
69,amanda_dettmer,1
70,AmandaMesaikos,1
71,AmargadoRadio,1
72,amazonmatt,1
73,am_durso,1
74,amendlocke,1
75,amongstwits,1
76,AmpiHD,1
77,AmyAGoldberg,1
78,anacrgomez,1
79,AndiWolfe,1
80,andiz_69,1
81,AndreaBrunelli,1
82,Andrearossoc,1
83,_AndrewCorbin,1
84,andrewgeorge47,1
85,andrewrypel,1
86,AndyElliott16,1
87,AndyJack15,1
88,Andym6769,1
89,angerstusson,1
90,anna_evolution,1
91,annajayne,1
92,AnnaSelmecki,1
93,AnnelieseMckel2,1
94,AnneMarie_DC,1
95,AnnetteT19,1
96,AnneWHilborn,1
97,annviera,1
98,anpefi,1
99,antijenic,1
100,AntiMarxists,1
101,antonia_ford,1
102,antoniat1,1
103,Apex_Herbivore,1
104,APLMA_Malaria,1
105,applam1,1
106,APV2600,1
107,a_r7mh,1
108,AraceliCentimin,1
109,AranzNataly,1
110,Arav_India,1
111,ardalby,1
112,ardeans,1
113,ArdianiBerjuang,1
114,arjundevamar,1
115,arvestad,1
116,asanchez_lab,1
117,asmaakenawy,1
118,asociologist,1
119,ATabarrok,1
120,atbc2016,1
121,AtharvaKambli,1
122,AthenaSerial,1
123,auchenbio,1
124,augmentedeco,1
125,Auwalumarjkd,1
126,avinashtn,1
127,azizaihab10,1
128,b1e56df9ce6549f,1
129,balazdan,1
130,Baliao1,1
131,BallakYth,1
132,BarkerLab,1
133,BartonSprings,1
134,basedspock,1
135,Batman710,1
136,bcbio_iastate,1
137,beaty_boop,1
138,becky_furlong,1
139,BedbugXpert,1
140,BeeHouzz,1
141,BeingExample,1
142,BelloSambo7,1
143,belousovaalbin1,1
144,BenEmert,1
145,ben_flanny,1
146,Ben_Neato,1
147,benrjack,1
148,berasymbionts,1
149,bergjann18,1
150,BetaScience,1
151,BetteLoiselle,1
152,BFPPhoto,1
153,bgerstner90,1
154,Bhediya_,1
155,bhjuarez,1
156,BianchiniPhD,1
157,bigfeline,1
158,BillNigh,1
159,Binfo_Phil,1
160,bio_alice,1
161,bioBarber,1
162,biobiiana,1
163,biochemistries,1
164,bioculturalCSU,1
165,Bioecologie,1
166,bioethicsscreen,1
167,biogeoSunita,1
168,BioInFocus,1
169,biolu1989,1
170,biolumiJEFFence,1
171,biomauro_rtg,1
172,BioMickWatson,1
173,BiophysicalFrog,1
174,birdnerd_joel,1
175,BirdParasites,1
176,bkoskella,1
177,bleds22e,1
178,blekhman,1
179,Blu3RSX,1
180,BlueLionPhotos,1
181,BobBoulding,1
182,Bobby_SanMiguel,1
183,Bob_Grip,1
184,BobOHara,1
185,bochocki,1
186,boehninglab,1
187,BOnlineColleges,1
188,BorMelike,1
189,BortEdwards,1
190,BotecoAtx,1
191,Bowayne126,1
192,BoyleLab,1
193,BrahHakim,1
194,braiello,1
195,BrainToComputer,1
196,BranArtworks,1
197,branwright,1
198,Briancaballeroj,1
199,brianchiong,1
200,briandconnelly,1
201,brianmishkin79,1
202,BrKloeckner,1
203,Brooke_LaFlamme,1
204,brooke_sauer,1
205,BrunaLab,1
206,bryanccarstens,1
207,BryanFrenette,1
208,BryJay69,1
209,BRYTEBAND,1
210,bugmanjones,1
211,burr_willia,1
212,buzz4bio,1
213,BuzzCloudGlobal,1
214,calwbu,1
215,CampbellShelagh,1
216,CandeZK,1
217,carinbondar,1
218,carojmorales,1
219,CastellanoED,1
220,castiel1891,1
221,Catearis,1
222,cate_goodman,1
223,cathcoste,1
224,_cathyk,1
225,catie_gk,1
226,catsouttathehat,1
227,causeimdying,1
228,cbahlai,1
229,cesaresanchezm,1
230,CFDGurgel,1
231,cfe_mycolab,1
232,cgoble72,1
233,chairmanK,1
234,champost,1
235,ChandlerLab,1
236,charlotte_dkyzr,1
237,Chas_Darwin,1
238,Chauliops,1
239,chelsbells4,1
240,ChelseaRochman,1
241,ChEnected,1
242,ChiaroArla,1
243,Chi_Huynh37,1
244,Chiino_Elos994,1
245,ChingHua_Shih,1
246,chorlnev,1
247,chris4nature,1
248,ChrisCathrine,1
249,Chris_Ferreyra,1
250,chris_harrod,1
251,ChrisNasrallah,1
252,ChrisPickett5,1
253,christc5,1
254,Christi96162669,1
255,Christ_ianBinas,1
256,christian_orlic,1
257,christy_bills,1
258,ChrononautCole,1
259,Chubby3223,1
260,ChuckCrumly,1
261,CienBiolAndes,1
262,cjblondel,1
263,CJoshi28,1
264,claczny,1
265,ClaireEvoBio,1
266,Clanner420,1
267,clcuevas86,1
268,cleyberpineda,1
269,ClimateRetweet,1
270,clintspringer,1
271,cloudhidden2,1
272,cncrnd_onlooker,1
273,coalescent,1
274,Coleopterist,1
275,ColinJCarlson,1
276,colinpurrington,1
277,colinrtalbot,1
278,_colm_,1
279,combs_photo,1
280,commnatural,1
281,ContinentalATX,1
282,coolbutuseless,1
283,cosamau,1
284,coughls,1
285,CPJ_Jewell,1
286,CPlantu,1
287,craigbob99,1
288,cricketcrocker,1
289,CricketsonBoats,1
290,CristinaHerren,1
291,crystalisgreat,1
292,ctitusbrown,1
293,curehiv1,1
294,curlyalvin,1
295,cxcsci,1
296,d26d27d28dmn,1
297,DaisyScience,1
298,DaleriRileda,1
299,Damienlauretta0,1
300,DanglesOlivier,1
301,DanGraur,1
302,Daniel_B_Roche,1
303,DanielJIngram,1
304,DanielJonatha,1
305,DanielleDrabeck,1
306,DanielLtobing,1
307,dannagifford,1
308,darencard,1
309,Dark_Blue_Box,1
310,DarrenObbard,1
311,DarrickBickler,1
312,darwinogouldien,1
313,DaveGandarillas,1
314,Dave_Hone,1
315,dave__uu,1
316,david_a_pearson,1
317,davidcblackburn,1
318,davidchvo,1
319,DavidEnard,1
320,D_avidH,1
321,DavidJohnGibson,1
322,DavidQuammen,1
323,DawnHigginson,1
324,dbmenke,1
325,dccc_phd,1
326,DeettaMassenga1,1
327,deevybee,1
328,Deitylight,1
329,DerekDHouston,1
330,Dereneaton,1
331,DervisSalih1,1
332,desert_ecology,1
333,DexterRC1,1
334,dgolae,1
335,DheillyNM,1
336,dho_lab,1
337,dhongTahtz,1
338,Diana_monkey,1
339,diannetimblin,1
340,diegojimmyjames,1
341,DimaJaber95,1
342,diraquel,1
343,disequilibber,1
344,disgamechanger,1
345,disparkys,1
346,dixieagle,1
347,DJHittBreaker,1
348,dlevenstein,1
349,Dloventaband,1
350,dlreed_UF,1
351,dmclerishi,1
352,dm_moore_,1
353,dmpavuk1,1
354,dna_rosenberg,1
355,DNLee5,1
356,DOCDW13,1
357,doe_jgi,1
358,Dollypis,1
359,DomSwift1,1
360,donadame,1
361,DONOR_GINJAL_AB,1
362,donthrill2,1
363,douglasfudge,1
364,dpinsen,1
365,drbachinsky,1
366,DrCarlsHorn,1
367,DrCJDurrant,1
368,DrCompBio,1
369,DrEmmaLJohnston,1
370,drethelin,1
371,Drew_Lab,1
372,DreyerErwin,1
373,DrHyfe,1
374,DriedPeanuts,1
375,DrJDennehy,1
376,DrMoriartyY,1
377,Dr_MTaylor,1
378,drpostolache,1
379,drraquelpc,1
380,DrSimonHarvey,1
381,drugmonkeyblog,1
382,drydredgers,1
383,drzach,1
384,DSRGenealogist,1
385,DsSwayingorb78,1
386,DuckSwabber,1
387,DumpTrump7,1
388,DunhamLab,1
389,duxguitar,1
390,dvrnd,1
391,dwf5555,1
392,DylanHil,1
393,DynamicBeadwork,1
394,eadiniz,1
395,earlyelliott,1
396,earwulf,1
397,echinoblog,1
398,EckartStolle,1
399,ecolandlab,1
400,EcolEpig,1
401,Ecology_Ash,1
402,Eco_Phys,1
403,edbites,1
404,editor_traceyd,1
405,edlp78,1
406,EdmundBeder,1
407,EdmundGriffiths,1
408,eduarrnz,1
409,eenork,1
410,eeob_isu,1
411,Efe_Fletch,1
412,EgbertSmith25,1
413,eggnogdb,1
414,ehroalson,1
415,Eigenmanniac,1
416,EklavyaDei,1
417,ekoputra26,1
418,EKPacey,1
419,elbruger13,1
420,ElinaBowdler,1
421,elinamantyla,1
422,Elina_MH3,1
423,elitas_s,1
424,EllyaVP,1
425,ElOrientalMon,1
426,ElSebachos,1
427,ElvaEhrman,1
428,elvinjestrada,1
429,elysemunoz,1
430,emhay0523,1
431,EmilioSempris,1
432,emilyldolson,1
433,emilyrlitvack,1
434,EmmanuelBtk,1
435,Emmanuelpv11,1
436,engler_j,1
437,entensive,1
438,Ento_Allies,1
439,entomobrasilis,1
440,EntsocAmerica,1
441,EpigeneticsGuy,1
442,Eric0Lawton,1
443,ericabreerose,1
444,Eric_Dom1,1
445,EricHastie,1
446,ericmjl,1
447,EricSpana,1
448,ErikaLNewton,1
449,ErikClark01,1
450,ErikM727,1
451,erotylid,1
452,ethanwhite,1
453,EthFrance,1
454,etiologii,1
455,Ettema_lab,1
456,EveEmshwiller,1
457,Everything_Dino,1
458,evm_evogenetics,1
459,EvoBabble,1
460,Evo_Ichs,1
461,evolbrain,1
462,evol_goolsby,1
463,Evol_Molly,1
464,evoluchico,1
465,EvolvingEpitope,1
466,EvoMellor,1
467,EvoZooDeb,1
468,ewsanderson,1
469,EzequielBaez98,1
470,FabioLugar,1
471,FabroVillalobos,1
472,faisalal7azmi1,1
473,faustovrz,1
474,FavorableCarry,1
475,Fbeijamini,1
476,fedrocaina,1
477,feedreader1,1
478,fignavig,1
479,fiona_jordan,1
480,Fish_Basin,1
481,fishphylogeny,1
482,flamingredapple,1
483,FlammangLab,1
484,Flipard,1
485,flodebarre,1
486,FlorPereda,1
487,flyminer,1
488,fmic_,1
489,FootstepsForest,1
490,forgetmebot,1
491,FournierMeriem,1
492,fozlab,1
493,francfue,1
494,Francois_Parcy,1
495,FRANK_J_MILES,1
496,FreglisPlethon,1
497,FriedmanJannice,1
498,friendlymicrobe,1
499,FrostMuseum,1
500,fulwoodomys,1
501,fungaloha,1
502,fungllah,1
503,fuzzyatelin,1
504,gabiieverett,1
505,GabrielWallau,1
506,GabYvonDurocher,1
507,gadgetvonic,1
508,GaetanBurgio,1
509,GainsClifton,1
510,ganjarpranowo,1
511,G_A_Schwartz,1
512,GassanGn,1
513,gatonyegathura,1
514,gcollinsgalway,1
515,GeaCanete,1
516,gebsaar,1
517,gedankenstuecke,1
518,geeclabCL,1
519,Geeka,1
520,GeissAngelita,1
521,GelderenKasper,1
522,gene_nerd,1
523,GenieCozzens,1
524,GenomesEvolve,1
525,GeorginaCullman,1
526,GeraHol,1
527,GertyZ,1
528,getallhoppedup,1
529,gilamonsterasu,1
530,gillbeto1,1
531,GillispieDena,1
532,ginavergel7,1
533,ginobrignoli,1
534,giorgiogilestro,1
535,GitaDagel,1
536,giwrgos_sarmis,1
537,gkiely,1
538,glassnoart,1
539,globalchangevt,1
540,GNRHub,1
541,GoddessKalypso,1
542,GordanBritt,1
543,gordie_ross,1
544,Gordotango,1
545,GPMDB,1
546,GracielleHigino,1
547,graystevensuk,1
548,greggwcthomas,1
549,GregoireDubois,1
550,GrettaPecl,1
551,grg_perry,1
552,GriceMarineLab,1
553,grimcity,1
554,grumperton,1
555,gustavoburin,1
556,GuyRamjet,1
557,gwisecaver,1
558,GWIS_RTP,1
559,GZuritaESPOL,1
560,hackenslash1,1
561,haldre1,1
562,hallidayschult,1
563,HallLoyal,1
564,halter_lena,1
565,HamoodIS,1
566,HanaeMalak1,1
567,handipeno,1
568,Hannah_West_Bio,1
569,HARDWELLlNDIA,1
570,HarvardOEB,1
571,Harvard_Press,1
572,hauschke,1
573,HaxleyVigil,1
574,Hayato_1117,1
575,HearingLibrary,1
576,HeatherR27,1
577,H_Edelhoff,1
578,Heepos,1
579,helena_wiklund,1
580,HellenMash2,1
581,helphumanityup,1
582,HeMaNe,1
583,HemmensBen,1
584,HensonMW_08,1
585,HereBeSpiders11,1
586,HernMoral,1
587,HerosBane2854,1
588,HerpMapper,1
589,heygos,1
590,Hisly9,1
591,HisRoyaltyLindo,1
592,Hjorvik,1
593,hjpimentel,1
594,hnufprinces1,1
595,HochTwit,1
596,hoffsbeefs,1
597,holdthedoorcs,1
598,hollybik,1
599,HollyKindsvater,1
600,HomareZuki,1
601,Hoosierflyman,1
602,hoppzor,1
603,HortenciaLattr2,1
604,hrvotaw,1
605,HSMoura,1
606,HugarAnnika,1
607,hugotoledo_usa,1
608,HungryHumpbacks,1
609,HWLo15,1
610,Hymenaphyllum,1
611,Hyosube,1
612,hythmking1,1
613,IAmAyoubHadik,1
614,Iam_Chinito23,1
615,IamElwahid,1
616,ianholmes,1
617,IanHopkinson_,1
618,ianhorn17,1
619,IbukunCynthia,1
620,ICBIINotButters,1
621,IchthyaDea,1
622,iddux,1
623,igallupd,1
624,igormorr,1
625,IHStreet,1
626,IIIIUAi,1
627,iitbmonash,1
628,ijeh_charles,1
629,ikaser504,1
630,iManishJ,1
631,ImKaspy,1
632,InaneImperium,1
633,indianscinews,1
634,inexorablist,1
635,infinite_me,1
636,infoagris,1
637,ingeneswetrust,1
638,ingo_braasch,1
639,IngridFetter,1
640,InvertEvo,1
641,iowist,1
642,isamtalves,1
643,IselaDayton,1
644,IsopodEllen,1
645,itsricardolucas,1
646,jackiefloyd,1
647,JacquelynGill,1
648,jacquimonaghan,1
649,jaicase,1
650,Jakomyte,1
651,Jamesrgurney,1
652,JamieLynnWood1,1
653,jamoaks,1
654,JaneCStout,1
655,janetngbio,1
656,JannekeAylward,1
657,janphar,1
658,ja_tobias,1
659,JayMan471,1
660,jaypelll,1
661,jaytlennon,1
662,JBagz1,1
663,jbaup24,1
664,jbschiff,1
665,JCSvenning,1
666,JDGEGaitan12,1
667,jdmanthey,1
668,jeffoscoulos,1
669,JenElizabeth13,1
670,jenksshaw,1
671,JenLucPiquant,1
672,JennyRohn,1
673,JeremyJBerg,1
674,JeremyNeedle,1
675,jessicakabbott,1
676,jessstapley,1
677,jessvickruck,1
678,JesusNPL,1
679,JeTKerr,1
680,JewelNature,1
681,_jfen,1
682,jfrtonini,1
683,jhcepas,1
684,JHerbertread,1
685,JhonAlexPvP,1
686,jillpruetz,1
687,JimLabisko,1
688,JingWang368,1
689,JinliangYang,1
690,jiten_tech,1
691,JiveLocal,1
692,jjschmittersoto,1
693,jmtheodor,1
694,jnaraghwani,1
695,joaofungo,1
696,Jobbi8,1
697,Jocelyn_Jane,1
698,JoelJAdamson,1
699,joe_llanos,1
700,JohannaHarvey15,1
701,johncwright2,1
702,Johnfinn310,1
703,JohnJonny1,1
704,johnomics,1
705,johntigue,1
706,jokovicmilan,1
707,jolynn_spaman,1
708,JonathanMarcot,1
709,JonesMary2Ae,1
710,JonGiddens1,1
711,Jordan_D_Ward,1
712,jorge_salazar,1
713,JorySchossau,1
714,joshuarlively,1
715,JRWeaver55,1
716,jsharbro,1
717,jthomascooper,1
718,juancmatos63,1
719,JuhasDivina,1
720,JuleenDickson,1
721,Julia_E_Earl,1
722,JuliaLampam,1
723,juliandavery,1
724,julia_saltz,1
725,julius_llamas,1
726,jungvari,1
727,juvelas,1
728,jvamosi,1
729,JWR_nhf,1
730,k8egreen,1
731,KaelkerDodie,1
732,kaisakajala,1
733,kait_lorraine,1
734,KamixSam,1
735,KamounLab,1
736,kanmaoui,1
737,kanohshun_rh,1
738,KarlARoeder,1
739,KarlosFerreiro,1
740,kasolari,1
741,katatrepsis,1
742,kate_mkg,1
743,KathyBelov,1
744,KathyCottingham,1
745,KathyRPike,1
746,katic_i,1
747,katie_jane_d,1
748,KatieLynnStaab,1
749,katschwa9484,1
750,kausikdatta22,1
751,KBalolia,1
752,kckornegay,1
753,kcmjohnson,1
754,KCRiceUF,1
755,KearneyGunsalus,1
756,KendraBendt,1
757,KermytAnderson,1
758,KevinWNg,1
759,k_hanfelt,1
760,KirkwoodLab,1
761,kirstie_j,1
762,kishes_,1
763,kitceratops,1
764,kk_loke86,1
765,KKTreseder,1
766,KLambPhD,1
767,KlausRiede,1
768,KLDneuro,1
769,klecha1976,1
770,KleidonBillye,1
771,knaus_brian,1
772,kolaolalekan5,1
773,KorbinKanesha,1
774,kriscrandell,1
775,KrissaSkogen,1
776,kristinnharper,1
777,krysta_loo,1
778,ksbioteachers,1
779,KSBruno9,1
780,kswgue3,1
781,kuchtam,1
782,kyrajns,1
783,kyrietree,1
784,labexARBRE,1
785,LaboBernatchez,1
786,LaChicaGamer,1
787,LairmoreDVMDean,1
788,LajeunesseLab,1
789,lama_mala,1
790,lambtani____,1
791,LA_Naturalist,1
792,LaneLabURI,1
793,LangKirsh,1
794,LaPepena,1
795,_laporte_,1
796,Lapworth,1
797,largent_lulu,1
798,Lariskis,1
799,LaurenGilhooly_,1
800,LaVachis,1
801,LavaniCleora,1
802,LeeannAmsler,1
803,lefebvrescience,1
804,LeidyCRodriguez,1
805,Lemurgrl,1
806,leomrtns,1
807,leoneago,1
808,LewisSpurgin,1
809,lexnederbragt,1
810,LGBTSTEM,1
811,LibCrib,1
812,lifeatthebench,1
813,lifedispersing,1
814,LigiaBattiata,1
815,lilyhug,1
816,LinnetTheGreen,1
817,lionlchristiaen,1
818,Lishainna,1
819,LiuLab4Virology,1
820,liverwortlady,1
821,LizardMichele,1
822,Liz_C_Miller,1
823,liz_mandeville,1
824,LizNeeley,1
825,LizScurious,1
826,LochranTraill,1
827,Logicel,1
828,LOGINGAVTO,1
829,lohphat,1
830,LollyParis,1
831,LordMayhem4,1
832,lordwhorfin,1
833,loronet,1
834,LoubnaRzal2,1
835,LouisianaShark,1
836,LPZ_UWI,1
837,LSDelusion,1
838,LSmonster,1
839,LSUscidean,1
840,Ltheory,1
841,LuanaLenore,1
842,lucaborger,1
843,lucas_vargas12,1
844,luckylionde,1
845,luckytras,1
846,lucventurini,1
847,ludaesch,1
848,LurzLennie,1
849,LynnSosnoskie,1
850,lynnsv,1
851,macroecologylab,1
852,madea96,1
853,Magdoll,1
854,maggieRwagner,1
855,magmidd,1
856,Mal_Ballinger,1
857,MalinStrand2,1
858,mammalgutz,1
859,manojmovement,1
860,manoj_patel24,1
861,Manu__Ramalho,1
862,marcene_meinel,1
863,marciopie,1
864,mareklborowiec,1
865,MarenWellenreut,1
866,margaretnaw22,1
867,MargheritaOres2,1
868,MargoTroche1,1
869,Marguer27615619,1
870,MariannePeso,1
871,mariavdheide,1
872,MarioMuscarella,1
873,marisa_rivers,1
874,Marj_Lundgren,1
875,marjosmusic,1
876,Mark_A_Davis79,1
877,MARK_Gu,1
878,markowenmartin,1
879,marnixmedema,1
880,marouenbg,1
881,MarquetteBioSci,1
882,MartaShocket,1
883,MartHill2112,1
884,MartinezBakker,1
885,Mash_am,1
886,Masoud78697938,1
887,Massage__RRock,1
888,MasseiBennett,1
889,mateusfbio,1
890,MattBonnan,1
891,MattGeary,1
892,MatthewDeanLab,1
893,MatthewPetelle,1
894,mattmactimpson,1
895,mattnorvaisas,1
896,mattpiperlab,1
897,Mauri_Rosales,1
898,MauTurcatel,1
899,m_a_wolfe,1
900,maxherold,1
901,MaxRLambert,1
902,may_gun,1
903,mayrolin0,1
904,mbeisen,1
905,MBRMark,1
906,MCBazacoPhD,1
907,mccarthy_colin,1
908,McDawg,1
909,McJock,1
910,MckouenKathryn,1
911,McLNeuro,1
912,mdsnunes,1
913,Meaghan_Creed,1
914,MedForLab,1
915,meganpetersdorf,1
916,megaworktag,1
917,meghanbartels,1
918,megzyxiii,1
919,meldalgleish,1
920,MellyKipruto,1
921,mel_rosina,1
922,MenoftheSea,1
923,Meowimcarmen,1
924,MercedesArambur,1
925,mesa_indonesia,1
926,mescamilla1980,1
927,MFAlvarez7,1
928,mfckrx,1
929,mga38,1
930,mgagowns,1
931,M_Gostel,1
932,MGS_tweets,1
933,mhhettiaratchi,1
934,mhultstrom,1
935,Michael_Foisy,1
936,michaelhoffman,1
937,MichaelMiyagi,1
938,MichaelPayton67,1
939,Miche11eKenda11,1
940,microbiomecntr,1
941,MicroCapExperts,1
942,MiDoPh3,1
943,MightyMangrove,1
944,MiigueeLote,1
945,mikamckinnon,1
946,mikefnq,1
947,Mikeissatyson1,1
948,MikeKaspari,1
949,mikemusgrave,1
950,MikeWhitlock63,1
951,mikeyd_47,1
952,MikhailMatz,1
953,MinogueCorine,1
954,minsalbooks,1
955,mire_yaglez,1
956,MisaAG_,1
957,MissEmilieC,1
958,missmolamola,1
959,MissSinBin,1
960,mitoPR,1
961,mj37918129,1
962,mklados,1
963,MLSerrano2,1
964,mmascar1,1
965,mmjohn93,1
966,mntartara,1
967,moestmar,1
968,moietymouse,1
969,molpopgen,1
970,moMostafathabet,1
971,MonicaValle89,1
972,moodytomato,1
973,moraled_juan,1
974,morcann,1
975,MorehouseLab,1
976,mosnadnews1,1
977,mosquitomicrobe,1
978,moxostoma,1
979,mrEvoBio,1
980,mrgunn,1
981,mrhappiness321,1
982,MRHelmus,1
983,mrhunsaker,1
984,mr_jobbee,1
985,mrmolox,1
986,mrsglyndwr,1
987,Mrs_Schwarzski,1
988,msarif19,1
989,MSheilaLeal,1
990,MsJonesn,1
991,M_Stothart,1
992,Mu_Altamimi,1
993,Mudassarchanda,1
994,muellerhistory,1
995,MufasaRawrz,1
996,mugilidsrock,1
997,muhammadabdu993,1
998,Muhamme936,1
999,muralsas,1
1000,Mus1ih,1
1001,MuseoANDES,1
1002,Mutaka13,1
1003,MVCoolV,1
1004,mv_evans,1
1005,mxwlj,1
1006,myflightcomp,1
1007,Myrmicinae,1
1008,myrmoteras,1
1009,MyScienceWork,1
1010,N0tUrAverageFem,1
1011,nacnudnosilla,1
1012,NadeneDelk,1
1013,NAdrianRamirez,1
1014,naim26366165,1
1015,nandu,1
1016,Nannette9442,1
1017,napickles,1
1018,NatalieTelis,1
1019,Nate_G_Swenson,1
1020,NatureMicrobiol,1
1021,Navarro_C0sta,1
1022,NB_Cunningham,1
1023,nbierne,1
1024,NCSE,1
1025,ndimhypervol,1
1026,ndjohnson,1
1027,NeilShubin,1
1028,nepaliaashish,1
1029,NerdyChristie,1
1030,Neurotweeps,1
1031,NextDoorPublish,1
1032,NEZimmermann_,1
1033,nice2nettles,1
1034,NickASAVet,1
1035,NicolaNadeau,1
1036,NidaKingsley,1
1037,nightwolf_m,1
1038,niksroach,1
1039,NildenTutalar,1
1040,ninnynoomy,1
1041,nipponupdate,1
1042,NishidaShouhei,1
1043,Nitin_Phadnis,1
1044,njhunsak,1
1045,nlarge1,1
1046,nlbedford,1
1047,NMEPSCoR,1
1048,nnhf8,1
1049,noamross,1
1050,noe_delasancha,1
1051,nogue_sandra,1
1052,Noguesbravo,1
1053,nolarobert,1
1054,nomad421,1
1055,nonchalantnat,1
1056,Noticiero_News,1
1057,not_Klaatu,1
1058,Nounousouk41,1
1059,nrg_biology,1
1060,NSFGregA,1
1061,nvdinesm,1
1062,nycbotanist,1
1063,o9DWRb3OOA7V4nA,1
1064,oceanbendy,1
1065,OceanModeling,1
1066,oegn85,1
1067,OfficialSMBE,1
1068,oh_zanky,1
1069,ojeda_esteban,1
1070,OKmicrobe,1
1071,Olarewaju0013,1
1072,OldsJames,1
1073,oldtimer1968,1
1074,OliGriffith,1
1075,OlOl21240190,1
1076,OmicsOmicsBlog,1
1077,onetruecathal,1
1078,o_olalla,1
1079,orbitalpodcast,1
1080,OrlandoOquendo5,1
1081,osakarya,1
1082,OshnGirl,1
1083,OssiNokelainen,1
1084,oswoltkrel,1
1085,_OtraRodriguez,1
1086,ots_tropicaledu,1
1087,OU_Biology,1
1088,OUFYRE,1
1089,outlot201,1
1090,oxcordero,1
1091,PabloLavinia,1
1092,pachamaca,1
1093,PA_DrPhishshoe,1
1094,PakamamaniRenew,1
1095,Paleophile,1
1096,Pale_Primate,1
1097,PallidMan,1
1098,palmer_lab,1
1099,PandaRex5,1
1100,PankajTri29,1
1101,PaPaShArMFbI,1
1102,paperpile,1
1103,papervolcano,1
1104,Parkyoon14,1
1105,PartiallyPat,1
1106,PartyTardigrade,1
1107,Pathaked,1
1108,pathogenomenick,1
1109,patposterous,1
1110,patricksaxton,1
1111,PaulCaplat,1
1112,paulharnik,1
1113,PayenCelia,1
1114,paynchOm,1
1115,PBIO_OhioU,1
1116,PBOprof,1
1117,pcaveney,1
1118,PearlRiverFlow,1
1119,Pedro_ABPereira,1
1120,pedro_jordano,1
1121,penelopepiscopl,1
1122,PerellaEric,1
1123,pete_mcq,1
1124,Peter_Hosner,1
1125,PeterMoonlight,1
1126,petraedc,1
1127,PettetJeffry,1
1128,phenologists,1
1129,PhilCorlett1,1
1130,Philip_Spencer,1
1131,PHLane,1
1132,PhomEmelina,1
1133,PhoridFly,1
1134,phostracks,1
1135,photocyte,1
1136,phylieu,1
1137,phylobabble,1
1138,phylobiogeo,1
1139,phylodiversity,1
1140,phylofeast,1
1141,phylophile,1
1142,phyloref,1
1143,physiologyfish,1
1144,pierrekerner,1
1145,Piertney,1
1146,pinar_gurel,1
1147,PinzonTeam,1
1148,piyawat,1
1149,pjacock,1
1150,pjzvh,1
1151,pkmonaghan,1
1152,planetaverde66,1
1153,PlantSciNews,1
1154,PLinseisen,1
1155,PLOSONE,1
1156,Pmc2009Pmc,1
1157,polyspilota,1
1158,popovici_ionut,1
1159,prabhamayil,1
1160,PracheeAC,1
1161,Pracheta_Rana,1
1162,Praedor,1
1163,prawn_z,1
1164,PrecGorgRalf,1
1165,prez_davis,1
1166,PrimitiveFishes,1
1167,PrincetonUPress,1
1168,PrioreCliff,1
1169,ProfBalog,1
1170,profjasonpotts,1
1171,ProfKateJones,1
1172,ProfRomi,1
1173,ProgRockers,1
1174,PrometheusClone,1
1175,prometheusgreen,1
1176,ProtocolsIO,1
1177,pseudokinase,1
1178,pslscoreboard,1
1179,Pterow,1
1180,PyensonLab,1
1181,qasimidreesi,1
1182,quesqueyosoy,1
1183,quominus,1
1184,Qwerix1337,1
1185,QxNews,1
1186,Rab_Williamson1,1
1187,rachl_hawk,1
1188,RadiantPrexy,1
1189,RadingerJ,1
1190,RAfirebreak,1
1191,ragieq,1
1192,RainbowDaggerD3,1
1193,RajaaHatim3,1
1194,Rajan2102,1
1195,random_inquirer,1
1196,randreszurita,1
1197,RaquelHRibeiro,1
1198,RArlinghausFish,1
1199,rattlesnakeguy,1
1200,ravisaraogi,1
1201,rayshaunagray,1
1202,rdocking,1
1203,realjdownie,1
1204,RealJorgeMoreno,1
1205,RedAnneBolynn,1
1206,RedDirtRetweets,1
1207,REDgenBioinfo,1
1208,ReefManJohn,1
1209,ReneNow,1
1210,ReniKaul,1
1211,RensingStefan,1
1212,reptile_rob,1
1213,ReSTEMInst,1
1214,Retweetertweetz,1
1215,RevolutionsCen,1
1216,RevReinard,1
1217,rflrob,1
1218,RGarcia_Roa,1
1219,rhi777,1
1220,RhinaD,1
1221,RhinoGayle,1
1222,rhskraus,1
1223,RickyPo,1
1224,RightCycleU,1
1225,ringstem,1
1226,RishiMasalia,1
1227,ritesh_666,1
1228,rmounce,1
1229,rnomics,1
1230,RoarBiotech,1
1231,Robertbfp,1
1232,RobertDellbrin2,1
1233,robertghrist,1
1234,robertsanmiguel,1
1235,Robot_Insect,1
1236,RobUnckless,1
1237,robustgar,1
1238,roimerorduz12,1
1239,RominaSSBatista,1
1240,romunov,1
1241,RonSchuck1,1
1242,RootBiologyNews,1
1243,RoseanneCrellin,1
1244,rosemarym66,1
1245,RossmanAllan,1
1246,roxana_hickey,1
1247,Roy_Lab_Thinks,1
1248,rpg7twit,1
1249,rpuschen,1
1250,rrodriguess,1
1251,R_Serling_Rules,1
1252,rtmup,1
1253,rtraborn,1
1254,Rui_FFF,1
1255,RVijendravarma,1
1256,ryanhmurphy,1
1257,RyneARichardson,1
1258,RySciDean,1
1259,sacnas,1
1260,SADAAT_SOHAIL,1
1261,Saddlab,1
1262,Sahelanth,1
1263,Salerno_Thomas,1
1264,SallyKoerner,1
1265,SallyNAitken,1
1266,SamanthaDalyDNA,1
1267,sam_yeaman,1
1268,Sanchez_JorgeR,1
1269,sandy_b_arroyo,1
1270,SandyKnapp,1
1271,SanJanTJ,1
1272,sanjeevsanyal,1
1273,SantaDuffus,1
1274,santiagojsp7,1
1275,SantiAldereete,1
1276,SarahHCarl,1
1277,SarahMackAttack,1
1278,sarahpf19,1
1279,Sarah_Rolfes,1
1280,sarcozona,1
1281,sarefo,1
1282,sasya1639,1
1283,scarletscience,1
1284,Schenck,1
1285,schoppik,1
1286,SciDebate,1
1287,SciEdSusan,1
1288,sciencebeta,1
1289,scienceheather,1
1290,ScienceKristi,1
1291,sciencelives,1
1292,sciencenow101,1
1293,sciencestream,1
1294,scigirl2010,1
1295,SciKaytee,1
1296,scisus,1
1297,SciTeacherEd,1
1298,Sciwhat,1
1299,Sea_Garden,1
1300,SeaholtzKenisha,1
1301,SeanCMcConnell,1
1302,Sears_Lab,1
1303,sebastian_kvist,1
1304,SeeMoBirds,1
1305,SelinaWray,1
1306,SelvarajGuru,1
1307,sennoma,1
1308,sentiwire,1
1309,Sepax,1
1310,SetarehTwitareh,1
1311,SethLargo,1
1312,severinEvo,1
1313,seyicleo,1
1314,SFI_elibby,1
1315,sFRebellious,1
1316,sgtalexandra,1
1317,Shahinur_Sk,1
1318,Shakiguani,1
1319,shakya,1
1320,ShanelleMaco,1
1321,sharon_b_gray,1
1322,Sheril_,1
1323,Sherridacherry,1
1324,sherrymarts,1
1325,ShewithLynch,1
1326,shfo,1
1327,shilpik851,1
1328,ShipLives,1
1329,ShirelyKammerz2,1
1330,ShirelyMcinnish,1
1331,ShirlyHilcher,1
1332,shivamsingh_oo7,1
1333,shoemakah,1
1334,SiegersHiram,1
1335,Sierra695,1
1336,SilverVVulpes,1
1337,simo_ndor,1
1338,SimoneImmler,1
1339,SimonneGadley,1
1340,simontyszko,1
1341,Sixpynce,1
1342,SJDebenport,1
1343,sjingley,1
1344,sjmgarnier,1
1345,sjpfrltts,1
1346,SkadiTheJotunn,1
1347,skmorgane,1
1348,SKRHardwick,1
1349,skyefcameron,1
1350,sky_lepidus,1
1351,slashsharma,1
1352,slyegercke,1
1353,smoroi,1
1354,_SMRU_,1
1355,smstryker,1
1356,SnarkAttackPlan,1
1357,snehads_das,1
1358,soca2k2,1
1359,socarxiv,1
1360,somanagpo,1
1361,SoniaHall,1
1362,SosNinosename1,1
1363,soumaya126,1
1364,SovonNBrOost,1
1365,SpaceCakeQueen,1
1366,spartansebos,1
1367,spodoptera007,1
1368,spore10940,1
1369,SQRLDOC,1
1370,SreyasiBiswas,1
1371,SSE_Promethion,1
1372,ssts,1
1373,stajichlab,1
1374,starstryder,1
1375,statsforbios,1
1376,stephaniebattl2,1
1377,StephaniFondri2,1
1378,StephanPeischl,1
1379,stephenmarek2,1
1380,stephen_rong,1
1381,steppebird,1
1382,stevenstrogatz,1
1383,StevenVanBelle1,1
1384,StewPlaistow,1
1385,StojicRada,1
1386,Stuart_Harker,1
1387,StuartWigby,1
1388,SturgeonSurgeon,1
1389,Stylopidae,1
1390,SuttonGL,1
1391,Suzukii_Rider,1
1392,svignieri,1
1393,SwartCenter,1
1394,SylvieKic,1
1395,Symbionticism,1
1396,symbioticworld,1
1397,szintri,1
1398,taaank,1
1399,TabathaAburto,1
1400,TA_Burke,1
1401,taenia,1
1402,taikiikeda,1
1403,taira025,1
1404,talarico_matt,1
1405,tandfbiosci,1
1406,tanesca,1
1407,TangibleAnsible,1
1408,t_annina,1
1409,tarekabdelrazk,1
1410,Tarun_UP2017,1
1411,TasimPwd,1
1412,Tavoibrahim,1
1413,t_buckley_nz,1
1414,TeamSalamander1,1
1415,ted_morrow,1
1416,Telomerita,1
1417,teroristang,1
1418,TeVoaMadriar,1
1419,texas_IB,1
1420,The1DrRich,1
1421,theboytimi,1
1422,thebugsquad,1
1423,theCFos,1
1424,the_invisible_a,1
1425,TheNewPI,1
1426,TheoMichelot,1
1427,thepainterflynn,1
1428,thepeoplescoop,1
1429,thepoliticalcat,1
1430,thepopenjay,1
1431,TheRealNYCEP,1
1432,TheSandlings,1
1433,TheShortLab,1
1434,THEyTOOKMyJOB_,1
1435,thibaut_brunet,1
1436,THJ1961,1
1437,thmourikis,1
1438,ThomaVirgigai,1
1439,thsaey,1
1440,ThSanger,1
1441,TiBoLeroyFr,1
1442,timbeissinger,1
1443,TimDoherty_,1
1444,timsackton,1
1445,TiniDo,1
1446,tjokro_wardojo,1
1447,toasterhead,1
1448,Toby_Bruce,1
1449,TocoJuju,1
1450,ToDNats,1
1451,tomcravenphoto,1
1452,TomEdWhite,1
1453,toshitaka_szk,1
1454,tpinetwork,1
1455,TQT1995,1
1456,trafficdochs,1
1457,TransposableMan,1
1458,Trappingcampus,1
1459,treebiology,1
1460,Trends_Ecol_Evo,1
1461,Tritotanus,1
1462,trockenfisch,1
1463,TrujArias,1
1464,truthhertzdam,1
1465,TSJenkinson,1
1466,tstou10,1
1467,tsudakazutoshi,1
1468,TTMobile_ch,1
1469,TTMobile_us,1
1470,tugutuguk,1
1471,tumorhead,1
1472,turky_141,1
1473,tuschekski,1
1474,tvjrennie,1
1475,TWChapman1,1
1476,twoodwar,1
1477,TyroneLavery,1
1478,ty_tuff,1
1479,UAM_Birds,1
1480,UChicagoPress,1
1481,UconnMars,1
1482,UdaSs_SaBa,1
1483,ulyssecolonna,1
1484,umncbs,1
1485,Un_Carrera,1
1486,UNCims,1
1487,ungerbn103,1
1488,UNMPaleoecology,1
1489,unputxcabrxn,1
1490,uofu_biology,1
1491,UofUResearch,1
1492,upbeatprof,1
1493,UPEI_UnPAK,1
1494,urchinhunter,1
1495,UrSchmittinMe,1
1496,UTKMicrobiology,1
1497,utkplsc,1
1498,UTLSL,1
1499,UTSePRESS,1
1500,Vaainmi,1
1501,vagueandcandid,1
1502,valedisanto,1
1503,ValeriaRuple,1
1504,VArechavala,1
1505,VasilikiDimopo3,1
1506,VasilisLouca,1
1507,vdBoschArjan,1
1508,VelezJuarbeJ,1
1509,Vendetta92429,1
1510,veragfonseca,1
1511,verguofturku,1
1512,veronica_hinman,1
1513,veumb,1
1514,Viaelreal,1
1515,VicueroaEfren,1
1516,vijaybarve,1
1517,VilcheckMeaghan,1
1518,vinsen_homer,1
1519,VinTrump,1
1520,VisualPersist,1
1521,vjjan91,1
1522,VogelgesangMae,1
1523,VonLuxembourg,1
1524,VSondervan,1
1525,wareslab,1
1526,Warren_Booth,1
1527,waterbarnes,1
1528,watermicrobe,1
1529,watttcho,1
1530,wayxgator77,1
1531,wckdouglas,1
1532,WebCorporation1,1
1533,weebeastie75,1
1534,weevil_forbix,1
1535,WehkingSally,1
1536,wessidepraxis,1
1537,WhaleshipActual,1
1538,WhitneyFegueroa,1
1539,WildlifeBioGal,1
1540,WildlifeLab,1
1541,WildlifePete,1
1542,williatashaivo1,1
1543,Will_MC_Jarvis,1
1544,winda_ami,1
1545,WindsorAguirre,1
1546,WitakerRandell,1
1547,wjaugustyn,1
1548,WKingsborough,1
1549,Women_in_NatSci,1
1550,WorldBrande,1
1551,wormsrock,1
1552,WPhillyMatt,1
1553,X1alejandro3x,1
1554,YadegariLab,1
1555,yangyayy,1
1556,YanivSt,1
1557,yaoyuyang,1
1558,yarkhunova,1
1559,YazykovYaroslav,1
1560,yeban,1
1561,YemisiFlorence1,1
1562,Ymirko,1
1563,yoavram,1
1564,YolandaMeleroC,1
1565,yoshanimee,1
1566,YoungDubliners,1
1567,yumidera,1
1568,Yvan2935,1
1569,yvonnenobis,1
1570,ywckusuma,1
1571,zach_cp,1
1572,zaidarenteria,1
1573,zaiiiiiirrr,1
1574,Zalooooma,1
1575,zanismj,1
1576,zapata_lab,1
1577,ZarahPattison,1
1578,zaxvagen,1
1579,Z_Calamari,1
1580,zeketorres8800,1
1581,zenablade1,1
1582,ZenaidaCatron,1
1583,zenpundit,1
1584,zghorly,1
1585,ZhenghuiLi1,1
1586,zihengyang,1
1587,Zindabi,1
1588,ZloyKotan,1
1589,Zobomy3,1
1590,Zoltan_Nemeth,1
1591,Zouk247Live,1
1592,ZwartblesIE,1
